ames,bbb_martins,bioavailability_ma,caco2_wang,clearance_hepatocyte_az,clearance_microsome_az,cyp2c9_substrate_carbonmangels,cyp2c9_veith,cyp2d6_substrate_carbonmangels,cyp2d6_veith,cyp3a4_substrate_carbonmangels,cyp3a4_veith,dili,half_life_obach,herg,hia_hou,ld50_zhu,lipophilicity_astrazeneca,pgp_broccatelli,ppbr_az,solubility_aqsoldb,vdss_lombardo
0.823417337327929,0.8677493746091307,0.6152311273694713,0.4278723895674564,0.2759488860321822,0.4872197016572214,0.3581604508259461,0.7407280476704794,0.5670230637739309,0.6543055134474941,0.5854430379746836,0.8419239797349849,0.8782608695652174,0.3459904313059146,0.6998527245949926,0.9559670781893004,0.6811015361208873,0.5118836411329293,0.8735003998933618,9.596052012831066,0.8141424067834998,0.4314167881953064
0.8364643913137129,0.8878595997498435,0.7053541735949451,0.3992139441399474,0.3762146408463137,0.6158912152210217,0.4149423341942371,0.7523079149641185,0.6276354598156999,0.6361000169943548,0.6442133815551537,0.852742536999689,0.9056521739130434,0.3530661446535711,0.7132547864506626,0.957201646090535,0.6493360430876144,0.4755019828001929,0.9113569714742736,8.172658127612687,0.8017908405147479,0.4274862588953015
0.8396737746969787,0.893937617260788,0.7263052876621217,0.3483998502941989,0.3924427839063013,0.620729229135523,0.4601608929097071,0.7463174521283701,0.6738935079035975,0.5851727479880587,0.6643309222423147,0.8451328445579662,0.8673913043478261,0.2769723476800495,0.7153166421207658,0.9489711934156378,0.599782738277908,0.4597529690739513,0.897760597174087,8.001000168418617,0.825643145360014,0.4724001328525979
0.8463608059683957,0.8951688555347092,0.6385101429996675,0.3443214650147551,0.4145155532749244,0.6186823333941012,0.4178542499045413,0.7400868904159802,0.5110386425863358,0.5909646584280871,0.6238698010849909,0.8569151579710549,0.908695652173913,0.3573247435867004,0.7232695139911635,0.9530864197530864,0.579685342011881,0.45924441143852,0.9024926686217009,7.9872450995688835,1.2655069564203234,0.4783664897911181
